INSERT INTO ROLE (ROLE_ID, ROLE) VALUES (1,'ADMIN');
INSERT INTO ROLE (ROLE_ID, ROLE)  VALUES (2,'USER');

INSERT INTO USER (USER_ID,EMAIL,PASSWORD,OPEN_PASSWORD,NAME,LAST_NAME) VALUES (1,'mail1@mail.ru','$2a$10$JPYRK6TGDjTMZ1PoSnf7C.bL9J0TsGoFs68MMWfOJpQGTXzCc2w7C','1111','Иван','Иванов');
INSERT INTO USER (USER_ID,EMAIL,PASSWORD,OPEN_PASSWORD,NAME,LAST_NAME) VALUES (2,'mail2@mail.ru','$2a$10$Qz7gNslEu2i/oOvY3IrbauQjYGLIaOgLm1H33h99fRJJrTGu92NyW','2222','Петр','Петров');
INSERT INTO USER (USER_ID,EMAIL,PASSWORD,OPEN_PASSWORD,NAME,LAST_NAME) VALUES (3,'mail3@mail.ru','$2a$10$xMHn12beyk7zYlvI2seabuIPB9g4fsdpIvrVFhaq2tlnYK3k47VC6','3333','Степан','Степанов');
INSERT INTO USER (USER_ID,EMAIL,PASSWORD,OPEN_PASSWORD,NAME,LAST_NAME) VALUES (4,'mail4@mail.ru','$2a$10$ydXnzw3l1qNpqTMoJpbLVu9VEQ6voPIieTPwNv.2gD90qLkGhSx8e','4444','Кирилл','Кириллов');

INSERT INTO USER_ROLE (USER_ID,ROLE_ID)  VALUES (1,1);
INSERT INTO USER_ROLE (USER_ID,ROLE_ID)  VALUES (1,2);
INSERT INTO USER_ROLE (USER_ID,ROLE_ID)  VALUES (2,2);
INSERT INTO USER_ROLE (USER_ID,ROLE_ID)  VALUES (3,2);
INSERT INTO USER_ROLE (USER_ID,ROLE_ID)  VALUES (4,2);

INSERT INTO CLIENT (CLIENT_ID, USER_ID) VALUES (1,2);
INSERT INTO CLIENT (CLIENT_ID, USER_ID) VALUES (2,3);
INSERT INTO CLIENT (CLIENT_ID, USER_ID) VALUES (3,4);

INSERT INTO ACCOUNT (ACCOUNT_ID, BALANCE, CURRENCY) VALUES (1,1000,'RUR');
INSERT INTO ACCOUNT (ACCOUNT_ID, BALANCE, CURRENCY) VALUES (2,900,'EUR');
INSERT INTO ACCOUNT (ACCOUNT_ID, BALANCE, CURRENCY) VALUES (3,800,'USD');
INSERT INTO ACCOUNT (ACCOUNT_ID, BALANCE, CURRENCY) VALUES (4,700,'EUR');
INSERT INTO ACCOUNT (ACCOUNT_ID, BALANCE, CURRENCY) VALUES (5,600,'RUR');
INSERT INTO ACCOUNT (ACCOUNT_ID, BALANCE, CURRENCY) VALUES (6,500,'USD');
INSERT INTO ACCOUNT (ACCOUNT_ID, BALANCE, CURRENCY) VALUES (7,100,'RUR');

INSERT INTO CLIENT_ACCOUNT (CLIENT_ID, ACCOUNT_ID) VALUES (1,1);
INSERT INTO CLIENT_ACCOUNT (CLIENT_ID, ACCOUNT_ID) VALUES (1,2);
INSERT INTO CLIENT_ACCOUNT (CLIENT_ID, ACCOUNT_ID) VALUES (2,3);
INSERT INTO CLIENT_ACCOUNT (CLIENT_ID, ACCOUNT_ID) VALUES (2,4);
INSERT INTO CLIENT_ACCOUNT (CLIENT_ID, ACCOUNT_ID) VALUES (3,5);
INSERT INTO CLIENT_ACCOUNT (CLIENT_ID, ACCOUNT_ID) VALUES (3,6);
INSERT INTO CLIENT_ACCOUNT (CLIENT_ID, ACCOUNT_ID) VALUES (3,7);